patient_id,age,gender,glucose_mg_dl,cholesterol_mg_dl,systolic_bp,diastolic_bp,bmi,heart_rate,smoking,alcohol_consumption,physical_activity,family_history,disease
1,32,Male,101,235,152,79,28.5,73,No,Yes,Low,Yes,Yes
2,31,Male,124,191,134,77,33.9,71,No,Yes,Low,Yes,Yes
3,45,Male,57,141,114,71,27.2,79,Yes,Yes,Low,No,No
4,75,Female,69,268,120,82,21.5,61,Yes,Yes,Medium,No,Yes
5,53,Male,107,163,131,75,23.3,73,Yes,No,Low,Yes,Yes
6,66,Male,151,209,105,90,23.0,63,No,No,Low,No,Yes
7,76,Male,56,156,128,89,27.0,77,No,Yes,High,No,No
8,64,Male,97,150,112,77,25.4,86,Yes,Yes,Medium,Yes,Yes
9,28,Male,60,222,118,75,27.7,82,Yes,No,Medium,No,No
10,64,Male,128,176,119,85,31.2,85,No,No,High,Yes,Yes
11,52,Male,100,165,103,90,23.6,89,Yes,Yes,Medium,Yes,Yes
12,66,Female,130,224,113,85,25.6,91,Yes,No,Low,Yes,Yes
13,22,Female,144,105,139,82,25.8,73,No,No,Low,Yes,Yes
14,58,Male,55,201,131,96,26.5,70,No,No,Low,No,No
15,51,Male,92,246,130,76,22.0,81,Yes,No,High,No,No
16,69,Female,129,181,119,78,26.5,61,Yes,Yes,Low,No,Yes
17,24,Male,111,210,120,67,27.5,71,Yes,Yes,High,No,No
18,26,Female,84,203,132,100,24.3,77,No,No,High,No,No
19,19,Male,103,133,124,82,27.3,100,No,No,Medium,Yes,No
20,73,Male,112,208,103,93,25.0,83,No,Yes,High,No,No
21,40,Male,82,266,99,87,30.0,97,No,Yes,Medium,Yes,No
22,38,Male,90,213,115,66,21.0,76,No,No,Low,Yes,No
23,64,Female,116,173,152,74,20.7,72,Yes,Yes,High,Yes,Yes
24,28,Male,74,219,148,65,30.1,77,No,Yes,Low,Yes,Yes
25,78,Male,124,160,101,87,27.3,78,No,No,High,Yes,No
26,43,Female,113,182,129,84,27.3,68,No,No,High,No,No
27,75,Male,116,162,136,72,35.3,83,Yes,Yes,Medium,Yes,Yes
28,20,Male,84,248,132,90,31.8,94,Yes,Yes,High,Yes,Yes
29,25,Male,86,174,110,81,24.8,79,Yes,Yes,Low,No,No
30,83,Male,125,210,151,79,27.4,103,No,No,High,Yes,No
31,34,Female,83,167,133,79,29.1,83,Yes,No,Low,No,No
32,30,Male,103,176,97,77,28.4,84,No,No,Medium,No,No
33,77,Male,73,216,131,73,27.1,77,Yes,Yes,High,No,No
34,61,Male,76,224,135,92,26.3,86,Yes,Yes,High,Yes,Yes
35,75,Male,81,230,134,87,19.1,114,No,Yes,Medium,No,No
36,49,Male,133,248,136,78,28.9,83,No,Yes,High,Yes,Yes
37,19,Male,99,190,126,105,22.1,57,Yes,Yes,Medium,No,No
38,79,Male,64,191,144,82,29.4,65,No,Yes,Medium,Yes,Yes
39,18,Female,121,180,128,82,22.4,69,No,No,Medium,No,No
40,80,Male,120,128,128,75,36.7,84,Yes,No,Low,Yes,Yes
41,25,Female,102,230,140,69,22.0,72,Yes,Yes,High,No,No
42,85,Male,88,280,132,69,23.6,85,Yes,Yes,Low,Yes,Yes
43,26,Male,130,149,116,94,36.6,68,No,Yes,High,Yes,Yes
44,23,Male,124,172,123,49,28.2,65,No,No,Low,No,No
45,58,Male,73,275,99,77,24.7,77,No,No,High,Yes,No
46,56,Female,69,256,125,72,33.2,80,No,Yes,Medium,Yes,Yes
47,30,Male,89,212,118,83,27.0,82,Yes,No,Medium,Yes,No
48,26,Male,74,295,89,80,33.9,81,No,No,Medium,Yes,Yes
49,56,Male,89,201,116,76,27.4,84,No,Yes,Medium,Yes,No
50,32,Male,87,245,130,90,27.8,82,Yes,No,High,No,No
51,44,Female,90,239,135,81,21.9,77,Yes,No,Medium,No,No
52,24,Male,90,231,121,79,32.4,86,No,No,Low,Yes,Yes
53,60,Male,125,262,125,88,30.1,72,No,Yes,High,No,Yes
54,72,Male,101,213,135,73,27.6,96,Yes,Yes,High,Yes,Yes
55,22,Female,74,256,139,88,21.0,82,Yes,No,Low,Yes,Yes
56,57,Female,82,213,112,91,25.9,74,Yes,No,High,Yes,No
57,49,Male,96,226,114,73,21.9,78,No,No,Low,Yes,No
58,38,Male,92,191,129,67,27.2,61,No,Yes,High,Yes,No
59,60,Female,99,222,151,90,22.4,74,Yes,No,High,Yes,Yes
60,31,Female,79,209,119,85,25.9,67,Yes,No,Low,Yes,Yes
61,76,Female,143,205,132,88,28.6,71,No,Yes,Low,Yes,Yes
62,42,Female,105,213,111,82,27.1,80,No,No,Medium,Yes,No
63,62,Female,128,296,111,90,33.3,77,No,Yes,Medium,Yes,Yes
64,40,Female,84,176,114,60,36.9,70,Yes,Yes,Medium,No,No
65,58,Female,108,223,158,91,22.2,70,Yes,No,Medium,Yes,Yes
66,23,Female,117,157,157,93,21.5,71,Yes,Yes,Medium,No,No
67,26,Female,138,205,147,66,17.4,70,No,Yes,High,No,No
68,57,Female,106,191,136,71,26.0,74,No,No,High,No,No
69,34,Male,117,238,104,66,26.6,88,No,No,High,Yes,No
70,56,Female,86,272,127,93,27.7,76,Yes,No,Low,No,Yes
71,73,Female,148,200,142,88,36.3,89,No,No,High,No,Yes
72,45,Female,122,252,93,70,21.2,55,Yes,Yes,High,No,No
73,60,Male,122,270,126,98,24.7,62,Yes,No,Low,Yes,Yes
74,36,Male,103,225,124,61,17.5,75,Yes,Yes,High,No,No
75,27,Female,121,224,108,76,19.5,65,No,Yes,Medium,No,No
76,69,Male,128,170,134,76,25.7,68,Yes,Yes,Medium,Yes,Yes
77,46,Male,79,187,103,101,25.5,76,No,Yes,Low,Yes,No
78,76,Male,110,205,121,88,22.5,83,No,No,High,No,No
79,82,Female,90,198,83,66,23.3,89,No,Yes,Medium,No,No
80,51,Male,98,233,130,112,34.2,87,No,No,Medium,Yes,Yes
81,74,Male,81,145,128,74,25.4,61,No,Yes,Medium,No,No
82,58,Male,77,277,140,81,22.8,90,Yes,Yes,Medium,Yes,Yes
83,37,Male,83,270,134,71,26.4,74,Yes,No,Medium,No,No
84,77,Female,70,247,159,68,21.6,81,Yes,Yes,Medium,No,Yes
85,20,Female,92,186,109,82,22.7,67,No,Yes,Medium,No,No
86,67,Female,103,200,108,76,27.4,83,Yes,No,Medium,Yes,Yes
87,73,Female,80,213,138,65,28.5,81,Yes,No,High,No,No
88,69,Male,119,179,92,65,22.7,76,No,Yes,Medium,Yes,No
89,21,Male,82,235,95,81,27.3,63,No,Yes,Low,No,No
90,24,Female,106,175,118,92,22.7,70,No,No,Medium,Yes,No
91,59,Female,76,231,150,57,30.2,68,No,No,Medium,No,Yes
92,28,Female,99,224,114,82,28.9,74,Yes,Yes,Low,No,No
93,26,Male,111,223,117,77,31.8,71,Yes,Yes,Low,Yes,Yes
94,37,Male,94,221,162,90,28.0,72,Yes,No,High,Yes,No
95,45,Female,94,128,106,63,32.0,72,No,No,High,Yes,No
96,32,Male,146,223,121,90,26.1,53,No,Yes,Medium,Yes,Yes
97,66,Female,124,150,145,85,27.2,71,Yes,Yes,Low,Yes,Yes
98,56,Male,161,217,129,77,29.2,67,Yes,No,High,No,Yes
99,65,Male,83,212,116,86,30.2,79,No,Yes,Medium,No,No
100,31,Female,92,199,107,77,31.2,79,No,No,Medium,Yes,No
101,40,Female,81,244,149,86,29.8,94,No,No,High,No,No
102,52,Female,73,138,151,88,22.1,75,Yes,Yes,Medium,No,Yes
103,49,Female,76,307,127,83,27.4,83,No,No,Medium,Yes,No
104,59,Male,110,178,133,100,28.4,89,No,Yes,Medium,No,No
105,61,Female,92,170,122,82,34.0,86,No,Yes,Low,Yes,Yes
106,48,Female,143,203,117,71,17.5,59,No,Yes,High,No,No
107,80,Female,106,158,101,78,30.1,92,Yes,Yes,Low,No,Yes
108,69,Male,67,200,120,55,24.7,75,No,No,High,No,No
109,85,Female,122,283,145,79,24.8,64,No,No,High,No,No
110,76,Female,106,210,124,83,38.9,74,No,No,Low,Yes,Yes
111,42,Female,91,208,115,74,23.1,77,Yes,Yes,Low,Yes,Yes
112,79,Female,142,103,144,94,24.7,55,No,Yes,Medium,Yes,Yes
113,47,Female,95,153,110,70,24.3,93,Yes,No,High,Yes,No
114,34,Female,136,238,104,76,30.7,80,Yes,Yes,High,No,Yes
115,34,Female,122,200,118,89,19.9,80,Yes,Yes,Medium,No,No
116,79,Female,133,166,136,87,24.2,72,No,Yes,Medium,Yes,Yes
117,79,Male,73,246,121,76,27.6,86,Yes,No,Low,No,Yes
118,24,Male,69,147,135,69,22.5,93,Yes,No,Low,Yes,Yes
119,33,Female,147,218,123,76,16.0,79,Yes,No,Medium,No,No
120,56,Female,132,214,127,78,25.8,75,No,Yes,Low,Yes,Yes
121,45,Female,62,156,138,83,27.5,74,Yes,Yes,Low,Yes,Yes
122,27,Male,113,188,110,83,26.1,66,Yes,No,High,No,No
123,78,Female,62,251,133,84,28.0,85,Yes,Yes,High,No,Yes
124,54,Female,130,136,101,75,34.3,76,Yes,Yes,High,No,Yes
125,43,Female,86,217,111,75,28.6,61,Yes,Yes,Medium,Yes,No
126,36,Male,71,170,143,72,21.4,102,Yes,Yes,High,No,No
127,54,Female,109,175,137,76,28.5,77,Yes,No,High,No,No
128,69,Female,102,255,112,81,38.8,93,No,No,High,Yes,Yes
129,23,Female,150,238,114,88,22.9,85,No,No,Low,Yes,Yes
130,47,Male,65,180,120,81,29.1,82,No,Yes,Medium,Yes,No
131,84,Female,71,225,135,87,26.9,86,No,Yes,High,No,No
132,80,Male,116,207,95,86,30.2,78,No,No,Medium,No,No
133,59,Male,73,166,143,81,27.4,82,Yes,No,High,No,No
134,81,Female,105,247,115,82,26.1,71,No,Yes,Low,No,Yes
135,58,Female,97,218,116,94,23.8,67,No,Yes,High,No,No
136,18,Female,94,267,128,92,25.1,61,No,Yes,High,Yes,No
137,64,Female,127,213,144,76,27.3,90,No,Yes,Medium,Yes,Yes
138,34,Female,95,192,151,97,37.5,70,No,No,Low,Yes,Yes
139,48,Male,97,156,108,71,23.9,68,No,Yes,Low,No,No
140,46,Male,110,272,107,91,25.8,73,No,Yes,Medium,Yes,No
141,55,Female,121,165,131,83,25.8,80,No,No,Low,No,No
142,76,Male,166,184,115,75,27.4,70,No,Yes,Low,Yes,Yes
143,53,Female,134,266,114,73,22.8,80,No,No,Medium,Yes,Yes
144,56,Female,120,218,97,97,23.2,93,Yes,No,Medium,No,No
145,60,Female,95,221,131,88,22.9,96,No,No,High,Yes,No
146,48,Female,85,154,111,81,25.1,93,Yes,No,Medium,Yes,No
147,78,Female,110,209,146,107,23.4,70,No,Yes,Low,No,Yes
148,34,Female,131,237,158,87,23.6,72,Yes,No,High,Yes,Yes
149,76,Male,132,242,134,92,29.0,87,Yes,No,Low,Yes,Yes
150,78,Female,121,203,127,94,32.9,67,No,No,Medium,Yes,Yes
151,66,Female,95,211,148,83,27.8,76,No,Yes,Low,Yes,Yes
152,54,Male,123,235,163,78,19.2,78,Yes,No,High,Yes,Yes
153,30,Female,144,206,130,88,27.2,77,Yes,No,Low,Yes,Yes
154,59,Male,109,252,106,83,23.8,68,No,No,Medium,No,No
155,36,Male,66,187,131,97,32.0,75,No,Yes,Low,Yes,Yes
156,28,Female,152,152,85,86,23.2,70,Yes,No,Low,Yes,Yes
157,77,Female,122,219,114,69,20.9,84,No,No,Medium,Yes,No
158,54,Male,102,283,105,66,29.3,69,Yes,No,High,No,No
159,56,Female,111,200,131,69,25.8,90,No,No,Low,No,No
160,67,Female,132,223,133,87,25.6,80,Yes,Yes,High,No,Yes
161,63,Female,138,217,137,81,29.2,90,No,Yes,Medium,No,Yes
162,19,Male,150,208,99,83,22.6,69,No,No,High,Yes,No
163,63,Male,88,192,90,77,30.2,51,Yes,No,High,Yes,Yes
164,30,Male,124,241,132,72,18.1,75,No,No,High,Yes,No
165,64,Male,76,270,140,79,26.0,76,Yes,No,High,No,No
166,71,Male,53,200,112,71,27.0,73,Yes,Yes,High,No,No
167,82,Female,121,187,135,95,35.0,85,Yes,No,Medium,No,Yes
168,61,Male,88,237,132,90,26.3,82,No,Yes,Low,Yes,Yes
169,68,Female,91,262,128,102,31.2,69,Yes,No,Medium,Yes,Yes
170,33,Female,109,183,116,78,34.7,80,No,No,High,No,No
171,65,Male,90,209,163,99,28.6,80,Yes,No,High,Yes,Yes
172,59,Male,108,234,106,79,26.2,59,Yes,No,High,No,No
173,70,Male,121,190,153,69,28.0,61,Yes,Yes,Medium,Yes,Yes
174,81,Male,131,277,116,92,27.1,75,Yes,Yes,Medium,Yes,Yes
175,76,Female,127,236,96,96,25.1,89,No,Yes,High,No,No
176,30,Female,114,229,129,76,22.9,69,No,No,High,Yes,No
177,65,Male,134,231,118,89,25.9,47,No,No,Medium,Yes,Yes
178,30,Female,61,195,104,69,31.7,87,No,Yes,Medium,No,No
179,42,Male,113,208,133,82,23.7,63,No,Yes,High,Yes,No
180,20,Male,92,147,117,97,31.0,84,No,Yes,High,Yes,No
181,44,Male,96,197,162,85,24.3,80,Yes,Yes,Medium,Yes,Yes
182,36,Male,110,199,121,81,31.2,75,No,Yes,High,Yes,No
183,50,Male,106,239,123,82,29.6,56,Yes,Yes,Low,Yes,Yes
184,63,Male,113,249,72,102,30.6,74,No,Yes,Medium,Yes,Yes
185,24,Male,79,234,106,75,31.5,95,No,Yes,Medium,Yes,No
186,75,Female,110,244,133,83,25.0,79,Yes,No,High,Yes,Yes
187,23,Female,103,218,143,93,38.0,87,No,Yes,Medium,Yes,Yes
188,69,Female,76,275,104,85,29.2,68,Yes,No,Low,No,Yes
189,28,Female,113,222,132,98,25.7,80,Yes,Yes,Medium,Yes,No
190,59,Female,129,257,102,87,24.8,83,No,No,Low,No,Yes
191,32,Male,139,203,127,80,24.5,76,No,No,Medium,Yes,No
192,61,Female,68,273,109,72,20.5,54,No,No,Medium,Yes,Yes
193,72,Female,71,275,143,75,22.8,98,No,No,High,Yes,Yes
194,78,Male,96,110,166,68,30.9,59,Yes,Yes,Medium,Yes,Yes
195,30,Female,165,265,135,87,31.1,84,Yes,Yes,High,No,Yes
196,33,Female,112,214,123,74,29.8,73,No,No,Medium,Yes,No
197,57,Female,102,170,105,83,17.5,89,Yes,Yes,High,Yes,Yes
198,79,Male,65,170,141,72,30.6,73,Yes,No,Low,No,Yes
199,53,Male,80,214,100,75,28.8,79,No,Yes,Low,No,No
200,41,Female,116,209,134,84,18.0,89,No,No,Low,No,No
201,41,Male,94,214,134,82,26.6,76,No,Yes,High,Yes,No
202,21,Male,88,153,156,69,22.5,69,Yes,No,Medium,No,No
203,61,Male,127,198,147,75,22.4,78,No,No,High,No,Yes
204,28,Male,158,162,130,88,21.8,80,Yes,Yes,High,Yes,Yes
205,28,Female,101,211,122,91,25.1,98,No,No,High,No,No
206,74,Female,70,206,171,73,23.2,92,No,Yes,Medium,Yes,Yes
207,73,Male,91,232,154,78,34.4,73,No,No,Low,No,Yes
208,46,Female,79,184,102,82,23.1,68,Yes,Yes,Medium,Yes,No
209,45,Male,66,223,140,62,27.2,79,No,No,Low,No,No
210,18,Female,74,276,132,74,32.1,75,No,Yes,Medium,Yes,Yes
211,47,Female,106,231,108,83,28.8,61,Yes,No,Medium,Yes,No
212,20,Female,82,180,147,92,25.4,82,Yes,No,High,No,No
213,69,Female,97,258,127,105,20.5,79,No,Yes,Low,No,Yes
214,59,Male,97,215,122,89,27.0,85,No,No,Medium,Yes,No
215,31,Male,71,136,134,70,22.1,54,No,No,Medium,Yes,No
216,57,Female,167,209,140,82,27.9,75,Yes,No,Low,Yes,Yes
217,83,Male,97,220,130,75,30.6,85,Yes,No,High,No,No
218,36,Male,86,231,108,82,25.1,75,Yes,Yes,Low,No,No
219,40,Male,116,208,139,95,31.4,81,Yes,Yes,Medium,No,No
220,75,Female,72,167,119,75,26.1,74,No,Yes,Low,No,No
221,78,Female,118,207,133,82,26.3,56,No,No,Medium,Yes,No
222,82,Male,101,161,135,97,21.3,88,No,No,Low,No,No
223,25,Female,142,215,118,75,24.9,72,No,Yes,High,Yes,No
224,82,Female,109,216,125,86,24.1,87,No,Yes,High,No,No
225,42,Female,67,107,141,68,30.7,73,No,Yes,Medium,Yes,Yes
226,31,Female,59,231,138,76,20.1,50,Yes,Yes,Low,Yes,Yes
227,74,Female,114,150,128,81,23.3,81,Yes,No,Medium,No,No
228,67,Female,80,257,122,81,26.6,66,No,Yes,Low,No,Yes
229,60,Male,82,203,155,68,23.8,59,No,No,High,No,No
230,37,Female,99,183,143,75,33.4,94,Yes,Yes,Medium,No,Yes
231,68,Male,92,296,114,89,29.4,78,Yes,No,High,No,No
232,60,Male,144,211,111,86,32.5,69,Yes,No,Low,No,Yes
233,64,Female,108,195,128,68,36.1,66,Yes,Yes,Medium,No,Yes
234,42,Male,88,168,134,93,32.0,83,Yes,Yes,Medium,Yes,Yes
235,30,Male,86,153,152,78,31.0,73,No,Yes,Low,No,Yes
236,38,Male,118,228,163,75,32.6,85,Yes,No,Medium,Yes,Yes
237,64,Male,111,271,134,87,26.3,86,No,No,Low,No,Yes
238,48,Female,84,168,89,102,24.2,64,No,Yes,High,No,No
239,74,Female,98,222,139,90,24.9,70,No,No,Low,No,No
240,43,Male,112,200,153,86,25.2,83,No,Yes,Medium,No,No
241,31,Male,134,217,101,85,29.3,69,No,Yes,Medium,Yes,Yes
242,75,Male,119,259,125,85,23.4,93,No,Yes,Medium,Yes,Yes
243,62,Male,170,232,93,89,27.2,79,No,Yes,High,No,No
244,65,Male,121,204,102,79,32.4,67,No,Yes,Low,No,Yes
245,21,Female,119,276,132,70,23.1,80,Yes,No,Low,Yes,Yes
246,22,Female,89,204,125,74,32.0,82,No,Yes,Medium,No,No
247,18,Male,115,174,117,89,25.4,72,Yes,No,Low,Yes,Yes
248,85,Female,95,218,141,67,34.6,58,Yes,No,Medium,Yes,Yes
249,33,Male,136,187,171,76,18.4,77,Yes,No,Low,No,Yes
250,32,Female,155,292,146,92,33.7,81,Yes,Yes,Medium,Yes,Yes
251,72,Male,91,177,124,80,29.9,71,No,Yes,Low,No,No
252,28,Female,128,213,151,70,29.5,74,Yes,Yes,Medium,No,Yes
253,23,Female,58,206,122,97,22.4,82,No,No,Medium,Yes,No
254,26,Female,151,258,135,79,20.9,66,Yes,Yes,Low,No,Yes
255,23,Female,132,285,152,77,24.1,64,No,Yes,High,No,Yes
256,79,Male,60,222,122,77,26.7,60,Yes,Yes,Low,No,Yes
257,55,Male,91,163,73,81,28.6,93,Yes,Yes,Medium,Yes,Yes
258,57,Female,93,185,133,72,34.3,79,No,No,High,Yes,No
259,42,Female,135,205,121,73,29.8,67,No,Yes,Medium,No,No
260,33,Female,114,246,110,96,24.9,73,No,No,Medium,No,No
261,61,Male,86,113,140,89,25.9,73,No,No,High,No,No
262,52,Male,117,147,115,89,26.3,63,No,Yes,High,No,No
263,41,Female,71,228,124,65,27.5,87,No,Yes,Medium,Yes,No
264,55,Female,84,218,145,71,22.3,76,No,No,High,Yes,No
265,74,Female,122,217,118,73,28.1,76,No,Yes,High,No,No
266,73,Female,31,227,141,58,20.6,65,Yes,Yes,Medium,No,Yes
267,83,Male,156,210,111,80,29.1,89,Yes,Yes,Low,No,Yes
268,34,Male,85,190,107,83,22.8,92,Yes,No,Medium,No,No
269,22,Male,98,198,96,90,27.6,75,No,No,Medium,No,No
270,27,Male,184,221,111,77,25.1,87,No,No,High,No,No
271,53,Male,69,246,112,100,26.6,86,Yes,Yes,Medium,Yes,Yes
272,84,Female,137,212,140,86,23.8,67,Yes,No,High,No,Yes
273,75,Male,130,196,117,72,22.8,80,No,No,Low,Yes,Yes
274,35,Male,78,210,150,81,36.3,80,No,Yes,Low,No,Yes
275,58,Female,115,202,142,93,20.7,101,Yes,No,Low,No,Yes
276,40,Female,113,217,118,85,28.9,73,Yes,Yes,Low,Yes,Yes
277,48,Female,137,169,145,95,26.8,74,Yes,No,Medium,No,Yes
278,34,Male,89,261,124,72,16.0,70,Yes,No,High,No,No
279,79,Female,118,200,118,78,30.2,66,No,Yes,Medium,Yes,Yes
280,27,Female,96,258,152,91,34.1,71,No,No,High,Yes,Yes
281,41,Male,104,173,130,70,28.0,87,No,Yes,High,Yes,No
282,37,Female,110,221,120,87,23.7,71,Yes,Yes,High,No,No
283,46,Female,71,215,159,71,30.4,69,No,Yes,Low,No,Yes
284,53,Male,109,224,133,88,28.6,87,No,Yes,High,Yes,No
285,37,Male,98,236,159,80,28.0,66,No,Yes,Low,Yes,Yes
286,23,Female,101,123,140,76,31.5,75,Yes,No,Medium,Yes,Yes
287,55,Female,109,238,117,87,27.7,73,No,Yes,Medium,No,No
288,76,Male,120,172,144,76,29.7,84,Yes,Yes,Medium,No,Yes
289,79,Female,150,201,118,81,27.8,72,Yes,No,Medium,Yes,Yes
290,58,Female,64,167,105,91,30.0,93,No,Yes,High,No,No
291,31,Female,100,212,145,72,25.5,78,Yes,No,Medium,Yes,Yes
292,75,Male,117,217,143,54,30.9,82,Yes,Yes,Medium,Yes,Yes
293,67,Female,59,230,149,80,22.7,85,Yes,Yes,High,No,Yes
294,58,Male,137,275,138,82,34.1,59,Yes,No,Medium,No,Yes
295,57,Female,83,296,121,83,24.8,81,Yes,Yes,High,No,Yes
296,76,Male,147,185,128,74,26.2,62,Yes,No,Low,Yes,Yes
297,54,Female,104,192,112,67,22.9,75,No,No,Low,Yes,Yes
298,73,Male,124,213,98,78,18.5,68,No,No,Medium,No,No
299,23,Female,138,134,127,80,27.6,82,Yes,Yes,High,No,No
300,54,Male,86,197,110,92,27.1,76,No,No,High,No,No
301,33,Male,103,181,97,63,35.5,60,Yes,No,Medium,No,No
302,64,Male,117,146,141,77,27.3,77,Yes,No,Low,Yes,Yes
303,22,Male,127,199,108,60,34.1,68,No,No,Low,No,Yes
304,83,Male,80,204,126,79,24.9,69,No,No,Medium,Yes,No
305,56,Female,116,166,150,81,26.8,76,No,No,Low,No,Yes
306,65,Female,110,248,130,75,29.5,79,Yes,No,High,No,No
307,21,Female,107,208,121,80,20.3,57,No,Yes,High,Yes,No
308,79,Male,107,216,106,94,23.3,67,No,Yes,Low,Yes,Yes
309,32,Male,115,184,156,70,30.8,85,Yes,No,Medium,No,Yes
310,37,Female,88,265,120,84,31.0,78,Yes,No,High,No,No
311,25,Male,125,241,93,95,25.3,59,Yes,No,High,No,No
312,66,Female,133,166,117,70,31.2,73,Yes,No,High,No,Yes
313,63,Female,124,262,150,76,24.5,73,No,Yes,Medium,Yes,Yes
314,56,Male,84,248,154,69,17.6,70,No,No,High,Yes,Yes
315,80,Female,112,177,132,77,25.9,75,No,No,Medium,No,No
316,33,Female,105,192,123,81,28.7,72,No,No,Medium,Yes,No
317,23,Female,144,232,119,88,24.7,72,Yes,No,High,No,No
318,50,Female,114,205,133,66,31.9,64,Yes,Yes,High,No,No
319,52,Male,108,279,165,88,20.0,81,Yes,Yes,Low,Yes,Yes
320,85,Male,91,178,113,80,17.0,71,Yes,Yes,Medium,Yes,Yes
321,60,Female,123,167,129,102,16.1,66,Yes,Yes,High,Yes,Yes
322,38,Female,97,254,160,69,16.0,80,No,No,Medium,Yes,Yes
323,59,Female,102,315,97,84,23.7,80,Yes,Yes,High,Yes,Yes
324,22,Male,107,222,117,84,31.4,72,No,Yes,Medium,Yes,No
325,81,Male,95,225,124,93,29.1,75,No,Yes,Medium,Yes,No
326,31,Female,136,173,113,76,17.1,89,No,No,Low,No,No
327,82,Female,183,252,129,81,16.0,78,No,Yes,Medium,Yes,Yes
328,38,Female,121,232,126,80,28.6,74,No,Yes,High,Yes,No
329,61,Female,133,233,72,88,25.0,77,Yes,Yes,Medium,No,Yes
330,83,Female,95,254,142,74,25.9,80,Yes,No,Low,Yes,Yes
331,35,Female,70,184,140,91,21.1,81,No,Yes,Medium,Yes,No
332,67,Male,117,184,132,90,29.6,83,No,No,Medium,No,No
333,19,Female,122,224,144,81,31.9,67,No,Yes,High,Yes,Yes
334,33,Female,86,182,122,74,25.2,72,No,Yes,High,No,No
335,82,Female,110,210,110,88,16.5,85,Yes,No,High,No,No
336,46,Male,85,179,108,90,18.0,74,Yes,No,Medium,Yes,No
337,65,Female,54,235,102,82,24.7,78,No,Yes,High,Yes,No
338,28,Female,72,89,128,100,32.8,88,No,Yes,Low,Yes,Yes
339,82,Male,92,242,107,86,27.0,81,Yes,Yes,High,No,Yes
340,74,Male,173,225,115,81,31.3,58,Yes,No,High,Yes,Yes
341,75,Male,94,189,127,73,22.5,87,No,Yes,Medium,No,No
342,25,Female,104,196,127,90,26.0,67,No,Yes,Medium,No,No
343,18,Male,97,156,110,77,22.7,84,Yes,Yes,Medium,No,No
344,26,Male,109,244,122,85,27.3,74,Yes,No,Medium,Yes,Yes
345,70,Male,90,112,122,96,27.3,85,Yes,No,Medium,No,No
346,75,Female,135,213,128,75,30.8,72,No,Yes,High,Yes,Yes
347,62,Male,135,204,116,82,29.1,82,Yes,No,High,Yes,Yes
348,46,Male,47,187,103,76,18.8,74,Yes,No,High,No,No
349,72,Female,141,223,130,88,23.7,64,Yes,Yes,Medium,No,Yes
350,37,Female,103,236,105,66,31.2,84,Yes,Yes,High,Yes,Yes
351,71,Male,82,175,145,70,27.9,92,Yes,Yes,Low,Yes,Yes
352,22,Female,120,196,135,76,21.5,74,Yes,Yes,Medium,Yes,No
353,74,Male,79,239,115,79,26.2,66,Yes,Yes,High,Yes,Yes
354,55,Male,100,306,139,81,16.0,73,No,No,Medium,Yes,Yes
355,36,Male,118,162,145,89,26.1,83,No,No,Low,No,No
356,40,Female,105,236,135,78,28.2,70,No,Yes,High,No,No
357,66,Female,143,160,98,83,26.5,76,No,No,Medium,Yes,Yes
358,66,Male,111,201,151,65,26.9,67,No,Yes,Medium,Yes,Yes
359,36,Female,63,202,154,82,25.5,78,Yes,No,High,No,No
360,85,Male,89,194,119,94,19.7,81,No,Yes,Low,No,No
361,60,Male,111,229,145,97,20.4,65,No,No,High,Yes,No
362,42,Male,73,200,133,91,21.9,75,No,No,Low,Yes,No
363,42,Male,108,176,162,65,24.4,77,No,Yes,Medium,No,No
364,19,Male,105,202,118,80,36.1,89,Yes,Yes,Low,No,Yes
365,44,Female,143,153,120,77,16.0,81,Yes,No,Medium,No,No
366,77,Female,116,290,100,83,18.0,69,No,No,High,No,No
367,81,Female,105,184,133,100,28.1,74,Yes,No,Low,No,Yes
368,65,Female,72,171,133,96,29.6,79,No,Yes,High,Yes,No
369,36,Male,104,159,135,90,24.4,71,No,No,Low,No,No
370,43,Female,111,192,123,102,23.6,73,Yes,No,Medium,Yes,No
371,61,Female,88,239,121,75,24.2,89,No,No,Low,No,No
372,63,Male,89,135,143,75,33.1,83,Yes,No,High,Yes,Yes
373,25,Male,127,161,138,82,16.1,66,Yes,Yes,Medium,Yes,Yes
374,35,Male,122,214,135,101,24.0,60,Yes,Yes,Low,Yes,Yes
375,82,Female,107,174,101,80,34.1,85,No,Yes,High,No,No
376,80,Male,142,151,124,69,25.4,79,Yes,No,Low,Yes,Yes
377,85,Female,94,105,128,86,30.4,80,No,Yes,Low,No,Yes
378,31,Male,78,237,146,64,32.2,79,Yes,Yes,High,Yes,Yes
379,85,Female,102,223,116,75,23.5,76,No,No,Low,No,No
380,65,Female,77,237,104,88,20.6,80,No,Yes,Medium,Yes,No
381,28,Male,88,257,107,77,17.4,80,Yes,No,Medium,No,No
382,78,Male,98,186,150,99,29.9,85,Yes,Yes,Medium,Yes,Yes
383,73,Female,84,176,134,86,26.4,90,Yes,Yes,Low,Yes,Yes
384,78,Female,67,252,107,78,29.3,78,Yes,Yes,High,No,Yes
385,22,Male,182,234,121,87,36.0,84,No,Yes,High,Yes,Yes
386,36,Female,149,219,133,88,24.4,80,Yes,No,High,Yes,Yes
387,48,Female,89,187,105,86,30.2,83,No,No,High,Yes,No
388,28,Female,146,209,137,71,28.3,72,Yes,Yes,Low,No,Yes
389,27,Female,126,198,123,66,29.5,72,No,No,High,Yes,No
390,52,Female,119,230,125,82,30.5,69,No,Yes,High,No,No
391,66,Female,115,229,115,60,29.5,86,Yes,No,High,Yes,No
392,55,Male,83,237,117,92,23.6,82,Yes,Yes,Low,No,Yes
393,66,Male,70,258,129,78,29.4,77,No,No,Low,No,Yes
394,29,Male,115,168,100,66,17.1,87,No,No,Medium,No,No
395,31,Male,143,188,94,70,22.9,88,Yes,Yes,Medium,No,Yes
396,83,Female,91,216,134,93,25.2,90,Yes,Yes,Medium,Yes,Yes
397,29,Female,71,193,129,72,24.2,66,No,Yes,Medium,No,No
398,67,Male,103,211,111,79,27.7,66,Yes,Yes,Low,No,Yes
399,35,Female,130,136,108,67,30.5,69,No,No,Low,No,Yes
400,26,Male,68,173,106,84,25.6,76,No,No,Medium,No,No
401,79,Male,109,188,120,98,22.4,89,No,No,High,Yes,No
402,81,Male,125,242,104,90,19.5,91,No,Yes,Medium,Yes,Yes
403,18,Female,82,250,129,87,20.4,79,No,No,Medium,No,No
404,60,Female,71,251,146,79,28.0,75,Yes,No,High,No,Yes
405,43,Female,117,232,123,93,18.3,72,No,Yes,Medium,No,No
406,55,Female,79,209,121,84,28.8,72,Yes,No,Medium,No,No
407,68,Female,125,192,96,99,25.3,89,Yes,Yes,High,Yes,Yes
408,21,Female,122,189,129,84,19.5,73,Yes,No,High,No,No
409,26,Female,87,173,110,81,22.1,68,No,Yes,Low,No,No
410,50,Male,142,186,129,86,29.4,80,No,No,Medium,Yes,No
411,79,Female,123,229,102,90,26.4,84,No,Yes,High,No,No
412,28,Male,105,237,121,92,22.2,99,Yes,No,High,Yes,No
413,23,Female,70,222,137,79,22.1,90,No,No,Low,Yes,No
414,30,Female,122,185,155,101,19.3,68,Yes,Yes,Medium,No,No
415,68,Female,126,194,124,82,23.3,56,Yes,No,Medium,Yes,Yes
416,31,Female,87,190,150,69,25.9,84,No,Yes,High,Yes,No
417,36,Female,98,241,131,87,24.6,85,No,No,Low,No,No
418,84,Female,89,166,110,111,24.3,88,No,No,Medium,Yes,No
419,75,Female,71,229,134,87,19.2,73,Yes,No,High,Yes,No
420,32,Male,113,213,85,79,25.4,67,No,Yes,High,Yes,No
421,49,Male,179,224,119,91,26.9,80,Yes,No,Medium,No,No
422,47,Female,120,292,104,86,28.1,66,Yes,Yes,Medium,No,No
423,21,Male,82,193,119,91,28.8,85,No,No,Low,No,No
424,45,Male,106,181,102,79,19.8,72,No,Yes,High,Yes,No
425,41,Female,115,154,114,92,38.1,96,No,Yes,Low,No,No
426,51,Female,58,284,132,73,18.1,81,No,No,High,No,No
427,32,Female,105,223,141,71,16.0,76,No,No,High,Yes,No
428,56,Male,111,174,117,72,21.4,82,Yes,No,Low,Yes,Yes
429,57,Male,99,211,98,79,30.3,75,Yes,No,High,Yes,Yes
430,67,Female,77,268,142,84,39.1,93,Yes,No,Low,No,Yes
431,80,Male,114,207,147,92,27.9,69,Yes,No,Low,No,Yes
432,41,Female,99,177,123,94,19.4,71,No,Yes,Low,No,No
433,80,Male,106,243,84,75,25.8,78,Yes,No,Medium,No,Yes
434,80,Female,92,134,136,75,32.0,64,No,No,Low,Yes,Yes
435,21,Male,100,185,85,90,22.9,88,No,Yes,Low,No,No
436,54,Male,76,201,124,87,29.3,82,No,No,High,Yes,No
437,32,Female,107,228,151,89,22.3,83,No,Yes,High,No,No
438,45,Female,140,226,109,96,26.4,82,Yes,Yes,Low,No,Yes
439,75,Female,93,221,133,83,23.8,79,No,Yes,Low,No,No
440,48,Male,131,217,141,71,34.5,79,No,No,High,Yes,Yes
441,35,Male,99,176,113,71,35.0,68,Yes,Yes,High,No,No
442,53,Male,69,210,141,72,24.1,91,No,No,High,No,No
443,52,Male,130,183,140,71,28.6,84,Yes,No,Medium,Yes,Yes
444,34,Male,118,162,108,87,26.9,66,Yes,Yes,Low,No,No
445,68,Female,70,243,102,87,28.3,82,Yes,No,Medium,No,Yes
446,75,Male,119,220,115,71,22.5,56,Yes,No,High,No,No
447,65,Female,65,213,120,88,27.7,72,No,No,High,Yes,No
448,29,Female,123,223,130,86,24.4,60,No,Yes,Low,No,No
449,72,Male,120,169,120,81,29.8,74,No,No,Medium,No,No
450,61,Male,140,253,101,88,27.7,89,No,No,Low,Yes,Yes
451,30,Female,132,290,143,84,27.9,86,Yes,Yes,Medium,Yes,Yes
452,76,Male,105,195,153,73,26.7,91,No,Yes,High,Yes,Yes
453,56,Male,70,224,87,88,28.5,84,No,Yes,Medium,No,No
454,28,Female,108,288,115,71,23.0,90,Yes,Yes,High,No,No
455,57,Male,105,250,149,74,35.8,71,No,Yes,Low,Yes,Yes
456,45,Female,147,232,109,101,32.2,70,Yes,Yes,High,Yes,Yes
457,74,Male,113,272,140,86,24.3,80,Yes,No,Medium,Yes,Yes
458,34,Female,118,108,119,84,26.2,64,Yes,Yes,Low,No,No
459,31,Male,99,280,153,77,27.9,74,No,No,Low,No,Yes
460,66,Male,93,217,111,70,25.6,82,Yes,Yes,High,Yes,Yes
461,39,Female,84,245,113,84,29.1,84,No,Yes,Medium,Yes,No
462,74,Male,116,189,121,79,25.8,68,Yes,Yes,Low,Yes,Yes
463,67,Female,66,190,119,79,25.1,73,No,No,Low,Yes,Yes
464,53,Male,116,244,113,69,25.7,65,Yes,No,High,Yes,Yes
465,56,Male,96,179,101,77,23.6,77,Yes,No,High,No,No
466,24,Male,91,193,108,81,29.0,67,No,No,Low,Yes,No
467,81,Male,60,195,130,83,28.9,102,Yes,No,Low,No,Yes
468,67,Female,79,206,93,81,27.7,67,No,Yes,Low,No,No
469,20,Male,91,205,113,99,30.6,72,Yes,No,Low,Yes,Yes
470,25,Female,125,229,131,85,35.2,56,No,No,High,No,No
471,69,Male,126,208,99,81,24.6,93,Yes,No,Medium,Yes,Yes
472,28,Male,103,248,118,64,32.2,66,Yes,No,High,No,No
473,26,Female,98,200,119,101,33.8,92,No,Yes,Low,Yes,Yes
474,29,Female,101,221,97,96,37.1,64,Yes,No,Medium,Yes,Yes
475,40,Male,77,186,109,75,27.1,70,Yes,Yes,Low,Yes,Yes
476,81,Female,125,165,128,94,23.3,70,No,Yes,Low,No,No
477,52,Male,99,257,128,76,22.4,80,Yes,No,Medium,No,Yes
478,85,Male,122,226,119,73,20.5,67,No,Yes,Medium,No,No
479,83,Female,135,184,133,61,28.7,70,Yes,No,Medium,Yes,Yes
480,38,Female,82,172,112,84,25.8,74,Yes,Yes,High,Yes,No
481,83,Male,51,185,133,54,16.0,71,Yes,Yes,Low,Yes,Yes
482,78,Female,139,194,131,83,23.4,54,No,Yes,Low,Yes,Yes
483,71,Male,110,230,195,61,29.8,93,No,Yes,High,No,No
484,58,Female,112,208,117,76,24.6,79,Yes,No,High,Yes,No
485,24,Male,123,193,104,77,18.4,88,Yes,Yes,Low,No,No
486,77,Female,113,180,138,88,23.3,94,No,No,High,Yes,No
487,76,Male,121,213,148,74,25.1,83,No,Yes,High,No,No
488,56,Male,103,213,129,80,25.0,78,No,No,Low,No,No
489,49,Male,129,244,116,73,33.9,85,Yes,No,Low,Yes,Yes
490,62,Male,141,185,120,65,30.4,72,No,Yes,High,No,Yes
491,57,Male,93,235,121,85,31.0,64,Yes,Yes,Medium,No,Yes
492,25,Male,30,202,95,94,26.4,83,No,Yes,Low,Yes,No
493,84,Female,143,172,156,91,28.3,73,No,No,High,Yes,Yes
494,30,Male,77,177,114,76,31.7,65,No,Yes,Medium,Yes,No
495,34,Male,98,224,114,63,32.1,78,No,No,Medium,No,No
496,59,Female,103,155,160,91,16.4,77,No,No,Low,Yes,Yes
497,43,Male,83,231,128,84,32.3,88,Yes,Yes,Low,Yes,Yes
498,75,Female,112,143,107,80,29.7,76,No,No,High,Yes,No
499,63,Male,165,270,135,82,20.3,73,No,No,Medium,No,Yes
500,33,Male,106,220,102,85,21.2,74,Yes,No,Low,Yes,Yes
501,59,Male,83,193,158,87,16.5,62,Yes,Yes,Medium,No,Yes
502,83,Male,66,253,116,81,28.4,89,No,No,Low,Yes,Yes
503,69,Female,70,186,143,66,19.6,47,Yes,Yes,Low,No,Yes
504,35,Male,118,258,116,77,23.7,87,Yes,Yes,Low,Yes,Yes
505,43,Female,95,217,133,76,16.7,76,No,Yes,Low,No,No
506,20,Male,88,228,107,82,16.0,80,Yes,No,Low,Yes,Yes
507,60,Male,109,171,121,88,24.3,77,Yes,No,Low,Yes,Yes
508,73,Female,110,238,88,93,23.1,72,No,Yes,High,No,No
509,72,Male,134,155,112,79,28.1,68,No,Yes,Medium,Yes,Yes
510,53,Female,83,187,128,69,34.7,72,Yes,Yes,High,Yes,Yes
511,55,Female,96,206,115,66,27.6,79,No,No,Low,Yes,Yes
512,53,Female,105,219,137,69,34.8,93,Yes,No,High,Yes,Yes
513,85,Male,145,180,157,89,27.0,81,Yes,No,Medium,No,Yes
514,80,Female,98,258,127,62,27.2,64,No,No,Low,No,Yes
515,21,Female,112,207,146,62,25.1,77,Yes,Yes,Low,No,Yes
516,78,Female,123,206,132,73,16.9,88,Yes,Yes,Low,Yes,Yes
517,48,Female,119,204,135,74,31.2,84,Yes,Yes,Medium,No,No
518,40,Male,131,180,131,69,34.2,81,Yes,No,High,No,Yes
519,21,Female,58,163,119,78,28.3,63,Yes,Yes,High,No,No
520,57,Male,111,202,111,92,27.9,92,No,Yes,Low,Yes,Yes
521,47,Male,89,229,118,80,23.6,83,Yes,No,Medium,Yes,No
522,43,Male,137,212,117,81,16.5,75,No,Yes,Low,No,Yes
523,20,Male,142,211,132,91,17.3,65,Yes,Yes,Low,No,Yes
524,65,Female,98,243,86,81,28.4,69,Yes,No,Medium,No,Yes
525,35,Male,116,181,112,80,28.2,67,No,No,Low,No,No
526,63,Male,95,93,118,71,30.2,59,Yes,No,High,No,No
527,55,Male,107,263,130,75,19.8,80,Yes,Yes,High,No,Yes
528,22,Male,87,163,93,78,23.7,77,No,Yes,Medium,Yes,No
529,36,Female,94,172,135,68,25.5,83,Yes,Yes,Medium,No,No
530,39,Male,86,151,115,91,21.0,81,No,No,Medium,Yes,No
531,44,Male,118,165,119,74,30.9,89,Yes,No,Low,No,Yes
532,18,Male,127,245,157,77,20.0,83,No,No,Low,No,Yes
533,70,Female,89,148,91,89,37.4,57,No,No,Low,No,Yes
534,79,Male,115,217,132,84,24.1,88,Yes,No,Low,Yes,Yes
535,55,Male,88,179,139,91,21.2,80,No,No,Low,Yes,Yes
536,61,Male,75,276,152,89,31.9,93,No,Yes,High,Yes,Yes
537,29,Female,91,180,137,71,17.7,83,No,Yes,High,No,No
538,39,Female,122,221,107,73,32.9,88,Yes,Yes,Medium,Yes,Yes
539,44,Male,104,193,88,71,29.9,95,No,No,Medium,No,No
540,48,Male,109,250,102,83,19.6,85,Yes,No,Low,No,Yes
541,24,Female,176,143,144,80,26.1,83,Yes,No,Medium,Yes,Yes
542,79,Male,86,219,91,88,28.2,78,Yes,Yes,Low,Yes,Yes
543,55,Male,131,224,127,73,29.2,68,No,Yes,Medium,No,Yes
544,78,Female,140,200,125,72,31.9,87,No,Yes,Low,No,Yes
545,65,Female,153,174,118,84,29.3,82,No,Yes,Low,No,Yes
546,51,Female,83,245,137,72,24.9,89,No,No,Medium,Yes,Yes
547,25,Male,108,213,134,73,31.9,76,Yes,Yes,High,No,No
548,70,Male,126,147,152,78,16.0,73,Yes,No,High,No,Yes
549,78,Male,97,266,80,94,22.9,79,No,No,Medium,Yes,Yes
550,22,Male,78,277,107,70,20.0,87,Yes,No,Low,Yes,Yes
551,45,Male,81,218,106,93,27.7,86,Yes,Yes,Low,No,No
552,73,Male,114,280,124,70,28.7,80,Yes,No,High,No,No
553,26,Male,79,195,132,81,36.4,66,No,No,Medium,No,No
554,84,Female,163,217,108,66,31.6,78,Yes,No,Medium,Yes,Yes
555,37,Male,116,209,114,71,31.5,84,Yes,Yes,Medium,Yes,Yes
556,62,Female,66,273,135,95,30.6,62,No,No,High,No,No
557,78,Male,101,230,157,89,19.2,73,Yes,No,Low,No,Yes
558,69,Male,135,171,154,79,20.9,91,No,No,Low,Yes,Yes
559,78,Female,101,189,118,86,29.4,76,No,Yes,Medium,No,No
560,57,Female,100,213,86,86,23.0,66,No,Yes,Low,Yes,Yes
561,56,Female,62,138,100,74,20.2,95,No,No,High,No,No
562,29,Male,109,226,127,81,23.4,64,No,Yes,High,No,No
563,80,Female,150,142,106,79,33.3,66,Yes,Yes,Medium,Yes,Yes
564,82,Female,86,296,146,84,28.5,86,Yes,Yes,Low,Yes,Yes
565,43,Male,90,177,126,90,31.5,77,Yes,Yes,Low,No,Yes
566,64,Male,84,207,123,101,18.1,62,No,No,High,No,No
567,68,Male,142,300,117,86,28.5,81,Yes,Yes,Medium,No,Yes
568,75,Male,102,227,79,88,27.0,77,No,No,Low,No,No
569,51,Male,156,183,117,101,24.9,67,No,Yes,Low,No,Yes
570,38,Male,101,243,128,69,23.2,70,Yes,Yes,Medium,Yes,Yes
571,70,Male,103,227,132,64,23.0,86,Yes,No,High,Yes,No
572,40,Male,139,227,144,86,27.3,89,Yes,No,High,No,Yes
573,53,Female,102,300,141,87,28.6,63,No,No,Medium,No,Yes
574,45,Female,112,215,113,83,19.6,91,No,No,Low,Yes,No
575,83,Female,76,205,110,78,29.5,71,No,No,Medium,Yes,No
576,26,Female,73,204,114,52,23.6,96,No,No,Medium,No,No
577,56,Male,95,210,103,98,31.4,94,Yes,Yes,High,Yes,Yes
578,69,Female,130,217,100,77,26.8,77,Yes,Yes,Medium,No,Yes
579,51,Female,99,206,123,82,23.7,65,No,No,High,Yes,No
580,42,Female,72,249,87,93,22.4,89,Yes,No,High,No,No
581,56,Male,39,195,123,71,24.5,70,Yes,No,Medium,Yes,Yes
582,34,Female,121,173,96,78,33.7,73,Yes,No,Low,Yes,Yes
583,63,Male,91,230,159,90,28.5,75,No,No,Medium,No,No
584,51,Female,96,257,113,82,25.1,76,No,Yes,Low,No,Yes
585,27,Female,70,222,123,87,23.5,70,Yes,Yes,High,No,No
586,56,Female,83,278,93,86,32.1,80,Yes,Yes,Low,Yes,Yes
587,61,Female,115,261,85,87,22.0,51,No,Yes,High,No,No
588,41,Male,145,186,103,80,21.2,96,No,No,Medium,Yes,No
589,25,Male,78,269,158,80,16.8,63,No,No,Low,Yes,Yes
590,38,Female,144,237,110,81,36.5,74,Yes,Yes,High,No,Yes
591,72,Female,141,245,105,95,27.7,79,No,No,Low,No,Yes
592,22,Male,141,165,124,76,29.4,60,No,Yes,High,No,No
593,42,Male,167,136,124,88,27.7,77,Yes,Yes,High,Yes,Yes
594,62,Female,72,219,111,60,25.4,87,Yes,Yes,High,No,No
595,57,Male,106,219,144,84,30.8,85,Yes,Yes,Medium,No,Yes
596,76,Female,137,222,128,69,24.5,78,No,Yes,Medium,No,Yes
597,63,Male,89,177,105,103,21.8,89,Yes,No,Low,Yes,Yes
598,46,Male,74,212,101,75,35.6,66,Yes,Yes,Low,Yes,Yes
599,64,Male,95,252,135,105,32.2,61,No,No,High,Yes,Yes
600,24,Male,133,171,143,85,32.3,73,Yes,Yes,Medium,Yes,Yes
601,74,Female,87,291,125,89,21.9,68,Yes,No,High,No,No
602,37,Male,132,156,117,82,22.1,77,Yes,No,High,No,No
603,30,Female,114,237,138,72,25.1,73,Yes,No,High,Yes,No
604,33,Female,127,155,131,62,32.0,76,Yes,Yes,Low,No,Yes
605,43,Female,81,176,138,66,35.5,69,Yes,No,Medium,No,No
606,38,Male,89,200,138,86,29.0,78,No,Yes,Medium,No,No
607,48,Male,114,205,133,77,24.3,74,Yes,Yes,High,Yes,No
608,81,Male,104,177,104,84,21.1,78,Yes,Yes,Medium,Yes,Yes
609,47,Female,94,226,134,86,29.9,67,No,No,Low,No,No
610,30,Male,114,210,87,83,26.7,98,Yes,No,High,No,No
611,58,Female,86,224,130,93,24.2,63,Yes,Yes,Low,Yes,Yes
612,35,Male,119,204,131,92,29.7,84,No,No,High,No,No
613,52,Male,125,207,126,82,20.3,74,No,No,Low,Yes,Yes
614,69,Female,102,165,117,83,32.0,88,No,No,High,No,No
615,79,Female,83,309,129,94,29.0,74,Yes,Yes,High,Yes,Yes
616,25,Male,125,258,144,90,28.7,72,Yes,No,High,No,No
617,74,Male,113,247,120,92,23.1,90,No,No,High,Yes,No
618,34,Female,84,204,130,76,21.4,89,No,Yes,Medium,No,No
619,23,Male,105,152,101,84,28.1,54,No,No,High,Yes,No
620,85,Male,101,339,166,80,31.1,74,No,Yes,High,No,Yes
621,49,Female,147,144,92,75,31.0,81,No,No,High,Yes,Yes
622,24,Male,131,162,83,90,28.5,67,Yes,No,Low,No,Yes
623,27,Female,108,241,122,77,16.0,74,No,Yes,Medium,No,No
624,24,Male,71,181,134,85,24.1,77,No,No,Low,Yes,No
625,76,Female,100,122,128,96,21.0,61,No,Yes,Medium,No,No
626,58,Male,113,260,116,75,23.1,56,No,Yes,Medium,Yes,Yes
627,70,Male,156,221,124,85,26.5,75,Yes,Yes,High,No,Yes
628,44,Female,125,219,125,72,21.9,89,No,No,Low,Yes,No
629,76,Female,91,250,116,74,29.3,68,No,No,Low,No,Yes
630,30,Male,116,136,102,61,17.1,75,Yes,No,High,No,No
631,55,Female,96,168,103,86,25.2,70,Yes,Yes,Medium,Yes,Yes
632,35,Female,82,217,148,87,27.6,71,Yes,No,Low,Yes,Yes
633,33,Female,98,210,119,80,27.3,78,Yes,No,High,Yes,No
634,61,Male,79,154,96,69,21.0,77,No,Yes,Medium,Yes,No
635,76,Male,117,211,89,88,21.5,84,No,Yes,High,Yes,No
636,73,Female,115,175,126,69,21.0,58,Yes,Yes,Low,Yes,Yes
637,67,Female,101,194,103,78,24.1,78,No,No,Medium,Yes,No
638,68,Female,109,183,146,70,25.8,80,No,No,Low,Yes,Yes
639,70,Female,117,201,115,92,31.9,61,No,Yes,Low,Yes,Yes
640,55,Female,95,259,131,72,21.1,72,Yes,Yes,High,No,Yes
641,32,Female,87,249,100,98,22.9,84,No,No,Medium,No,No
642,19,Male,93,204,99,76,31.5,80,Yes,No,Low,Yes,Yes
643,25,Male,77,195,122,68,32.5,81,No,Yes,High,No,No
644,50,Male,100,191,110,81,22.4,73,Yes,No,High,Yes,No
645,22,Female,86,222,154,83,24.1,85,No,Yes,High,Yes,No
646,67,Male,108,166,98,74,19.0,87,No,Yes,Medium,No,No
647,71,Female,111,148,121,85,30.8,77,Yes,Yes,Low,No,Yes
648,74,Male,82,207,134,60,16.8,74,No,Yes,Medium,Yes,No
649,75,Male,126,237,135,74,26.7,56,Yes,Yes,High,Yes,Yes
650,83,Male,130,265,137,86,24.0,79,No,Yes,Medium,No,Yes
651,51,Male,101,276,108,98,23.2,72,Yes,No,Medium,Yes,Yes
652,77,Male,69,233,111,67,32.6,78,Yes,Yes,High,No,Yes
653,24,Female,83,150,123,81,31.0,81,No,No,High,Yes,No
654,58,Male,103,284,129,78,30.7,59,Yes,Yes,Medium,Yes,Yes
655,69,Male,96,248,133,70,24.7,77,No,Yes,High,Yes,Yes
656,60,Female,143,245,138,82,29.4,79,No,No,High,Yes,Yes
657,85,Female,71,196,111,85,32.2,88,Yes,Yes,Medium,No,Yes
658,48,Male,45,193,141,87,23.0,80,Yes,No,Low,No,Yes
659,67,Female,73,230,109,103,24.6,81,No,Yes,High,No,No
660,83,Female,89,206,120,93,23.1,77,No,Yes,High,No,No
661,42,Female,152,211,138,75,22.3,79,Yes,Yes,High,Yes,Yes
662,18,Male,57,290,148,78,27.6,64,Yes,Yes,Low,No,Yes
663,44,Female,107,224,128,87,27.7,90,Yes,Yes,Medium,Yes,No
664,60,Male,78,264,154,113,28.8,64,Yes,Yes,Low,Yes,Yes
665,50,Male,52,232,115,101,27.2,68,Yes,No,Medium,No,No
666,75,Female,93,130,138,61,17.6,76,No,No,Medium,Yes,No
667,33,Male,96,275,131,73,16.0,75,Yes,Yes,Medium,Yes,Yes
668,82,Male,116,155,135,54,26.1,69,No,No,Medium,Yes,No
669,74,Female,120,210,99,72,23.6,77,No,Yes,Low,No,No
670,46,Male,90,190,137,76,25.6,75,No,No,Medium,Yes,No
671,65,Male,69,135,139,75,36.8,72,Yes,Yes,Low,Yes,Yes
672,68,Male,98,273,139,90,22.1,61,No,Yes,Low,No,Yes
673,70,Male,34,177,142,87,20.2,73,Yes,Yes,High,Yes,Yes
674,50,Male,87,218,138,65,25.9,78,Yes,Yes,High,Yes,No
675,77,Male,94,238,175,80,30.7,79,No,Yes,Low,No,Yes
676,43,Female,109,228,128,71,22.3,78,No,No,High,Yes,No
677,48,Male,116,248,120,89,33.3,78,No,Yes,Medium,Yes,Yes
678,80,Female,112,170,113,83,21.2,78,No,No,High,Yes,No
679,64,Female,131,232,112,66,20.1,74,No,Yes,Medium,Yes,Yes
680,49,Male,107,195,88,78,23.8,72,No,No,Low,No,No
681,60,Female,87,277,90,95,29.2,73,No,No,Medium,No,No
682,80,Male,106,255,118,71,30.3,90,Yes,Yes,Low,No,Yes
683,43,Female,110,259,106,87,25.4,70,Yes,Yes,High,Yes,Yes
684,21,Female,106,149,110,95,25.3,84,Yes,Yes,High,No,No
685,78,Male,111,198,149,79,25.7,78,No,No,High,Yes,No
686,55,Male,85,272,97,98,31.7,72,No,Yes,Medium,No,Yes
687,82,Male,57,191,106,75,24.8,74,Yes,Yes,Medium,Yes,Yes
688,38,Male,110,222,105,73,30.8,93,Yes,No,Low,No,Yes
689,46,Female,146,200,125,92,22.3,88,Yes,Yes,Medium,No,Yes
690,47,Male,95,207,131,90,25.4,76,Yes,No,Medium,No,No
691,76,Male,145,225,130,66,29.1,49,Yes,No,High,Yes,Yes
692,84,Female,102,189,129,81,27.9,87,No,Yes,High,No,No
693,66,Female,86,249,121,87,26.4,71,Yes,No,Low,No,Yes
694,84,Female,107,210,133,79,22.8,57,No,No,Medium,No,No
695,18,Male,124,198,120,91,23.8,68,No,Yes,Low,Yes,No
696,83,Female,100,190,107,80,18.3,80,Yes,Yes,Low,Yes,Yes
697,64,Male,112,282,118,84,26.0,70,Yes,No,High,No,No
698,32,Female,90,190,131,105,21.8,68,No,No,High,Yes,No
699,38,Female,103,225,129,94,23.9,51,Yes,Yes,Low,Yes,Yes
700,38,Male,92,253,96,51,16.0,81,Yes,Yes,Low,Yes,Yes
701,51,Male,77,170,107,83,27.2,69,No,Yes,Low,No,No
702,45,Female,33,175,104,79,28.5,70,No,No,Low,Yes,No
703,70,Male,58,211,135,100,30.0,71,Yes,No,High,Yes,No
704,61,Female,59,114,140,81,27.6,87,Yes,Yes,Medium,No,No
705,34,Male,117,284,132,84,19.1,76,Yes,Yes,Low,No,Yes
706,30,Male,138,185,134,66,18.1,64,No,Yes,Low,Yes,Yes
707,79,Male,96,268,123,63,33.2,84,Yes,No,Medium,No,Yes
708,23,Female,122,211,97,83,23.1,97,Yes,No,Medium,No,No
709,30,Female,103,253,128,84,28.5,65,Yes,No,Low,No,Yes
710,28,Female,130,176,150,81,27.2,67,No,No,Low,Yes,Yes
711,18,Male,97,240,119,81,31.0,80,Yes,No,High,Yes,No
712,58,Female,55,165,141,80,27.5,70,No,Yes,Medium,Yes,Yes
713,50,Female,78,129,123,76,19.2,66,No,No,High,No,No
714,68,Male,114,293,97,93,25.7,85,No,No,Medium,Yes,Yes
715,79,Female,110,191,128,97,22.1,82,No,No,High,No,No
716,35,Male,94,150,121,94,28.5,60,Yes,No,Low,Yes,Yes
717,45,Female,108,170,110,77,20.7,62,No,Yes,Medium,Yes,No
718,18,Male,122,157,96,75,21.1,83,Yes,No,Low,No,No
719,26,Female,93,211,93,86,25.0,79,Yes,No,High,Yes,No
720,22,Female,130,164,145,83,24.0,72,No,No,Low,Yes,Yes
721,81,Female,102,258,105,74,25.9,86,Yes,Yes,Low,No,Yes
722,22,Male,127,277,117,88,23.0,64,Yes,Yes,Low,No,Yes
723,18,Male,109,228,113,65,29.8,81,Yes,No,Medium,No,No
724,68,Female,97,247,128,101,16.0,86,Yes,Yes,Low,Yes,Yes
725,54,Female,105,208,96,72,22.7,70,No,No,High,Yes,No
726,42,Female,106,200,94,86,16.0,83,No,Yes,Low,No,No
727,70,Male,96,233,137,85,27.1,67,Yes,No,Low,No,Yes
728,83,Female,134,186,162,76,27.4,76,No,No,High,No,Yes
729,79,Male,110,140,115,71,22.6,77,No,No,High,No,No
730,21,Female,121,115,161,84,31.0,68,Yes,No,Medium,Yes,Yes
731,46,Male,109,183,128,75,26.8,71,No,No,High,No,No
732,19,Female,69,215,135,87,22.6,84,Yes,No,Medium,Yes,No
733,61,Male,91,243,100,72,27.6,66,Yes,No,Medium,No,Yes
734,45,Female,128,229,144,73,31.4,79,Yes,Yes,High,No,Yes
735,43,Male,126,205,118,87,25.4,84,Yes,No,Low,Yes,Yes
736,43,Male,103,167,80,84,22.7,82,No,Yes,Low,Yes,No
737,28,Female,56,195,85,95,27.3,65,Yes,Yes,Medium,No,No
738,58,Female,128,173,104,85,32.3,67,No,No,High,Yes,Yes
739,53,Female,92,138,84,84,26.5,70,Yes,Yes,High,Yes,Yes
740,72,Female,122,256,120,78,23.2,81,Yes,No,High,No,No
741,40,Female,110,232,137,62,19.2,68,Yes,No,High,No,No
742,19,Male,107,229,151,77,21.6,71,Yes,No,Medium,Yes,Yes
743,64,Female,112,260,130,70,31.7,62,Yes,No,Medium,Yes,Yes
744,78,Female,121,257,158,90,18.2,87,No,Yes,Medium,No,Yes
745,44,Female,76,244,132,83,23.1,79,No,No,Medium,No,No
746,75,Male,137,261,134,90,27.6,81,Yes,Yes,High,Yes,Yes
747,52,Male,123,154,143,70,23.7,78,No,No,Low,Yes,Yes
748,37,Female,118,208,96,86,21.8,70,Yes,Yes,Medium,No,No
749,35,Female,105,225,107,76,30.4,71,No,No,High,No,No
750,24,Female,146,177,144,60,30.3,64,Yes,Yes,Low,Yes,Yes
751,50,Female,71,146,132,79,21.2,79,Yes,No,Medium,No,No
752,64,Female,111,236,123,70,29.5,86,No,No,Medium,Yes,No
753,33,Female,81,202,108,77,23.1,79,Yes,Yes,Medium,No,No
754,59,Female,82,190,144,86,27.7,96,No,Yes,High,No,No
755,54,Female,133,154,138,81,31.9,70,Yes,Yes,Medium,No,Yes
756,69,Male,128,230,109,89,26.8,69,Yes,Yes,Low,No,Yes
757,58,Female,97,201,138,71,27.1,95,No,No,Medium,No,No
758,74,Female,90,224,135,80,16.9,75,No,No,Low,Yes,Yes
759,20,Male,99,265,140,90,28.1,66,Yes,No,Low,Yes,Yes
760,39,Female,97,169,131,76,25.6,82,Yes,Yes,Medium,Yes,No
761,24,Male,147,174,128,89,20.6,70,No,Yes,Medium,Yes,Yes
762,37,Male,74,268,125,76,30.3,73,No,No,Low,Yes,Yes
763,54,Female,90,180,121,70,30.0,94,Yes,Yes,Low,Yes,Yes
764,22,Female,125,218,107,81,23.2,83,No,No,High,No,No
765,52,Female,134,250,141,77,25.1,65,Yes,Yes,High,No,Yes
766,73,Female,109,231,85,81,22.9,77,No,No,Low,Yes,Yes
767,74,Female,137,226,148,79,24.6,85,No,No,Low,No,Yes
768,56,Male,137,166,120,78,34.2,80,Yes,Yes,Medium,No,Yes
769,78,Male,84,212,88,96,29.4,70,No,No,Low,No,No
770,73,Female,97,255,73,81,26.3,74,Yes,Yes,Low,No,Yes
771,70,Female,148,174,138,85,23.7,88,No,Yes,High,Yes,Yes
772,67,Female,86,253,132,66,22.7,70,Yes,No,Medium,Yes,Yes
773,48,Female,125,182,72,87,27.9,63,No,No,Low,No,No
774,26,Male,34,242,127,79,16.0,89,Yes,No,High,Yes,No
775,76,Female,145,154,124,65,29.2,73,No,No,Medium,Yes,Yes
776,20,Male,120,211,136,89,24.8,97,Yes,Yes,Low,Yes,Yes
777,54,Female,81,219,110,96,24.4,73,Yes,No,Low,Yes,Yes
778,29,Male,93,238,122,75,23.2,92,Yes,No,Medium,Yes,No
779,71,Female,105,236,95,86,21.7,65,No,No,High,No,No
780,22,Female,80,237,144,90,30.1,78,Yes,Yes,Medium,Yes,Yes
781,68,Male,90,268,112,71,24.8,82,No,Yes,Medium,Yes,Yes
782,66,Male,81,152,116,81,22.0,78,Yes,Yes,Medium,No,No
783,49,Male,118,202,121,87,30.8,88,Yes,No,High,Yes,No
784,44,Female,93,170,98,88,26.6,81,No,No,Low,No,No
785,23,Male,101,266,116,91,28.9,75,No,No,Low,No,No
786,64,Male,119,226,131,82,23.0,75,Yes,Yes,High,Yes,Yes
787,73,Female,134,238,127,92,37.9,81,Yes,Yes,High,No,Yes
788,33,Female,97,206,67,84,26.1,71,Yes,Yes,High,Yes,No
789,78,Male,105,162,124,71,34.0,80,No,Yes,Low,Yes,Yes
790,81,Male,128,178,125,68,27.5,83,No,Yes,Medium,Yes,Yes
791,37,Male,117,210,132,98,28.6,73,Yes,No,Medium,Yes,No
792,62,Female,77,175,126,93,26.7,73,Yes,Yes,Medium,No,No
793,35,Female,94,188,130,67,24.8,88,Yes,No,High,No,No
794,55,Female,123,159,137,88,22.7,79,Yes,Yes,Medium,No,No
795,77,Female,111,162,120,92,21.0,83,Yes,Yes,Medium,Yes,Yes
796,55,Female,80,235,125,58,26.1,83,No,No,High,Yes,No
797,82,Female,135,166,67,84,25.9,78,Yes,Yes,High,No,Yes
798,48,Female,80,320,119,89,17.5,69,Yes,No,High,Yes,No
799,81,Male,100,199,117,80,16.0,78,No,No,High,No,No
800,59,Male,73,229,89,61,25.2,83,Yes,Yes,Low,Yes,Yes
801,40,Male,103,154,112,79,28.5,60,Yes,Yes,Low,No,No
802,30,Male,121,267,117,89,22.3,56,No,No,Low,No,No
803,64,Male,84,222,120,95,29.3,67,Yes,Yes,High,Yes,Yes
804,80,Male,98,203,121,73,29.1,75,No,Yes,High,No,No
805,71,Female,111,213,139,91,25.7,65,Yes,No,High,Yes,No
806,27,Female,75,233,136,62,30.3,76,Yes,Yes,Low,Yes,Yes
807,47,Female,86,264,113,73,23.7,76,Yes,Yes,High,Yes,Yes
808,40,Female,101,256,134,60,29.4,70,Yes,No,High,No,No
809,72,Male,116,105,170,87,23.2,77,Yes,Yes,High,No,Yes
810,61,Male,163,244,142,83,31.9,74,No,No,High,No,Yes
811,59,Female,84,182,100,81,23.6,59,No,No,High,No,No
812,48,Male,104,215,115,112,27.0,89,No,No,Medium,No,No
813,75,Female,110,185,106,68,19.8,80,Yes,Yes,High,No,No
814,20,Male,129,249,149,73,22.6,80,No,Yes,Low,No,Yes
815,45,Female,93,179,153,84,29.2,82,Yes,No,Low,Yes,Yes
816,22,Female,74,187,122,71,21.9,75,No,Yes,Medium,Yes,No
817,64,Male,76,236,135,78,17.6,65,Yes,No,Low,No,Yes
818,69,Male,95,235,141,77,20.9,64,Yes,No,Low,No,Yes
819,80,Male,84,189,148,90,27.3,77,No,Yes,Low,No,Yes
820,25,Female,110,252,118,95,19.6,88,No,No,Low,No,No
821,47,Male,112,233,150,86,34.3,70,No,Yes,High,No,No
822,23,Female,110,158,122,92,23.8,54,Yes,No,Low,Yes,Yes
823,24,Female,133,191,134,82,33.7,88,No,Yes,Medium,Yes,Yes
824,55,Female,69,233,121,82,30.9,68,Yes,Yes,Low,No,Yes
825,78,Male,131,180,100,78,34.7,80,No,No,Medium,Yes,Yes
826,82,Female,136,241,142,85,27.2,62,Yes,Yes,High,No,Yes
827,43,Female,131,207,134,78,25.0,65,No,Yes,Low,Yes,Yes
828,27,Female,112,183,120,72,25.4,87,No,No,Low,Yes,No
829,70,Female,141,271,123,71,24.5,55,No,No,Medium,Yes,Yes
830,62,Male,70,265,127,85,18.6,53,No,Yes,High,No,No
831,74,Male,127,221,122,87,20.0,92,No,Yes,Low,Yes,Yes
832,65,Male,106,217,168,61,24.9,82,Yes,Yes,Low,Yes,Yes
833,36,Female,119,183,124,89,25.4,107,Yes,No,Medium,Yes,No
834,75,Female,83,193,116,64,30.0,72,Yes,No,High,Yes,No
835,45,Male,73,251,133,74,29.7,74,No,No,High,Yes,No
836,20,Female,123,210,120,82,34.0,70,Yes,No,Low,Yes,Yes
837,54,Male,156,216,132,81,16.0,68,No,Yes,High,No,No
838,19,Male,65,301,102,71,25.1,71,No,No,Low,No,No
839,20,Female,105,160,147,89,32.4,81,No,Yes,High,No,No
840,30,Female,164,297,112,98,29.6,79,No,Yes,Low,Yes,Yes
841,82,Female,62,203,110,90,28.5,86,Yes,Yes,High,Yes,Yes
842,57,Female,104,254,121,89,16.0,79,No,No,Low,Yes,Yes
843,62,Female,98,161,104,89,27.7,76,No,No,High,Yes,No
844,53,Male,94,197,143,78,25.3,62,No,No,High,Yes,No
845,53,Male,99,211,153,81,29.7,78,Yes,No,High,No,No
846,35,Male,99,234,97,84,20.1,77,No,Yes,Low,No,No
847,37,Female,130,223,151,72,26.2,77,No,No,High,No,No
848,34,Male,78,248,166,81,26.4,81,Yes,Yes,Medium,Yes,Yes
849,85,Male,87,137,112,68,26.4,93,No,Yes,Medium,Yes,No
850,26,Male,96,245,104,74,25.4,76,Yes,No,High,Yes,No
851,21,Female,117,219,126,86,31.1,78,No,No,Medium,No,No
852,53,Male,106,167,126,77,20.9,101,Yes,Yes,Low,Yes,Yes
853,21,Female,69,204,134,98,25.8,70,Yes,Yes,High,Yes,No
854,21,Female,125,154,117,79,18.1,75,Yes,No,High,Yes,No
855,78,Female,87,199,124,83,29.4,76,Yes,No,Medium,No,No
856,35,Male,126,225,133,66,28.2,76,Yes,Yes,Medium,Yes,Yes
857,19,Female,123,182,113,76,28.4,81,No,Yes,Low,Yes,No
858,26,Male,94,246,127,80,31.2,73,No,No,Medium,No,No
859,49,Female,113,301,109,87,29.7,70,No,Yes,High,No,No
860,58,Female,104,215,177,80,21.7,64,Yes,Yes,Medium,No,Yes
861,23,Male,53,206,125,89,27.4,85,No,Yes,High,No,No
862,24,Male,101,179,104,85,23.5,63,No,No,Medium,No,No
863,54,Female,80,231,157,68,23.9,57,Yes,No,High,No,No
864,24,Male,105,218,116,79,25.4,79,No,No,High,Yes,No
865,82,Male,56,195,128,72,31.2,93,Yes,Yes,Medium,No,Yes
866,59,Female,103,232,114,63,22.8,71,Yes,Yes,High,No,No
867,43,Female,96,176,141,78,31.1,70,Yes,No,High,No,No
868,38,Male,124,305,139,93,26.7,70,Yes,Yes,High,No,No
869,64,Male,106,214,105,80,20.9,79,No,Yes,High,No,No
870,66,Male,117,221,115,76,27.8,64,Yes,No,Low,Yes,Yes
871,36,Male,105,201,108,111,34.9,65,Yes,No,Medium,No,No
872,75,Female,115,234,142,100,23.9,81,Yes,Yes,Low,Yes,Yes
873,18,Female,98,222,162,68,20.7,88,Yes,No,Medium,No,No
874,18,Female,125,205,109,89,26.9,82,Yes,Yes,Medium,No,No
875,70,Female,104,186,96,90,30.9,80,Yes,Yes,High,Yes,Yes
876,53,Male,91,191,98,73,21.2,64,Yes,Yes,Low,Yes,Yes
877,62,Male,86,144,161,94,23.9,68,Yes,Yes,Medium,No,Yes
878,29,Male,115,257,110,92,27.4,70,Yes,No,Low,Yes,Yes
879,54,Male,123,261,171,70,19.3,82,No,No,Low,Yes,Yes
880,56,Female,124,151,102,74,24.0,76,No,No,Medium,Yes,No
881,26,Female,121,251,135,98,22.8,80,No,Yes,High,Yes,No
882,53,Female,139,185,141,97,19.9,80,No,Yes,High,Yes,Yes
883,25,Male,82,262,121,82,18.5,83,Yes,No,Medium,No,No
884,58,Female,111,201,119,90,29.5,81,No,Yes,High,No,No
885,81,Female,132,204,109,74,24.7,66,Yes,Yes,Low,No,Yes
886,18,Male,135,177,128,75,24.6,73,Yes,No,High,Yes,Yes
887,44,Female,99,202,134,84,18.4,64,No,Yes,Medium,No,No
888,45,Male,110,217,124,76,31.4,78,Yes,No,Low,No,Yes
889,57,Female,61,188,120,84,28.4,87,No,Yes,High,Yes,No
890,60,Female,92,189,110,78,22.1,83,No,Yes,Low,Yes,Yes
891,60,Female,115,141,114,78,20.7,92,No,No,High,Yes,No
892,35,Female,49,130,125,88,24.6,79,Yes,No,Medium,No,No
893,70,Male,134,188,141,65,26.8,66,No,No,Low,Yes,Yes
894,60,Female,98,208,127,82,17.0,66,Yes,Yes,Low,No,Yes
895,61,Female,67,264,119,77,25.0,91,Yes,No,High,Yes,Yes
896,32,Female,76,166,123,86,19.8,83,No,Yes,Medium,No,No
897,29,Female,48,234,114,76,38.9,69,Yes,No,Medium,No,No
898,45,Female,147,243,125,95,21.5,60,Yes,Yes,Low,No,Yes
899,43,Male,50,182,127,83,19.3,77,No,Yes,High,No,No
900,37,Male,125,219,138,63,18.9,79,No,No,Medium,No,No
901,36,Male,95,231,126,73,20.1,76,Yes,Yes,Medium,Yes,No
902,67,Male,133,201,145,76,18.3,70,Yes,No,High,Yes,Yes
903,29,Female,126,181,136,78,22.2,56,No,Yes,High,Yes,No
904,57,Male,75,211,103,91,23.1,75,No,Yes,Low,No,No
905,42,Female,121,248,124,74,25.1,58,No,No,High,No,No
906,33,Female,89,214,118,88,22.6,69,Yes,Yes,Low,No,No
907,19,Male,134,223,123,75,25.7,69,Yes,No,Medium,No,No
908,36,Female,91,240,121,68,21.7,93,Yes,Yes,Medium,Yes,No
909,61,Female,69,192,126,99,27.6,64,Yes,Yes,Medium,Yes,Yes
910,24,Male,139,184,120,71,30.9,73,No,Yes,Medium,Yes,Yes
911,68,Male,121,253,111,62,25.8,75,No,No,Medium,No,No
912,43,Male,111,196,127,97,27.5,79,No,Yes,High,Yes,No
913,77,Male,92,203,154,80,24.1,75,No,No,Medium,No,No
914,47,Male,132,288,133,82,23.6,76,Yes,No,Medium,No,Yes
915,41,Female,123,215,132,74,16.0,72,No,No,Low,No,No
916,26,Female,130,194,162,86,23.9,63,Yes,No,Medium,No,Yes
917,39,Female,88,122,153,89,25.4,81,No,Yes,Medium,Yes,No
918,31,Female,70,190,140,71,26.8,50,Yes,No,Medium,No,No
919,70,Male,101,215,138,88,24.9,78,Yes,Yes,Medium,No,No
920,26,Female,67,230,136,69,32.0,60,Yes,No,High,No,No
921,61,Male,88,240,113,73,22.3,69,Yes,Yes,Low,No,Yes
922,77,Female,105,202,123,94,31.6,68,Yes,No,Medium,Yes,Yes
923,69,Male,110,203,170,71,32.6,72,Yes,No,Medium,No,Yes
924,25,Male,128,277,155,94,19.8,74,Yes,Yes,Low,Yes,Yes
925,37,Female,63,291,133,77,24.2,89,No,No,Low,No,No
926,44,Female,115,203,136,81,21.1,61,No,No,High,No,No
927,62,Male,131,208,138,71,26.4,75,Yes,No,Medium,Yes,Yes
928,25,Female,123,211,137,92,22.9,82,Yes,Yes,Low,No,No
929,54,Male,80,209,115,78,27.4,72,Yes,No,High,No,No
930,58,Female,56,183,128,68,21.1,76,No,No,High,No,No
931,45,Male,130,275,132,93,35.5,68,No,Yes,High,Yes,Yes
932,67,Female,36,257,152,76,22.8,73,No,Yes,High,No,Yes
933,34,Male,114,254,93,86,22.2,73,Yes,Yes,Low,Yes,Yes
934,80,Female,116,202,123,79,26.6,85,Yes,Yes,High,Yes,Yes
935,71,Female,110,159,118,90,28.1,76,No,Yes,High,No,No
936,72,Female,149,251,126,76,29.3,50,No,No,Low,Yes,Yes
937,72,Male,96,225,122,78,25.2,58,No,Yes,Medium,No,No
938,64,Male,116,278,123,85,21.3,85,Yes,No,Low,No,Yes
939,79,Male,114,180,140,83,21.9,78,Yes,No,High,No,No
940,28,Male,122,293,106,78,22.1,78,Yes,No,High,Yes,No
941,57,Male,91,96,149,89,29.9,58,No,Yes,Medium,No,No
942,83,Female,144,267,141,80,23.0,76,No,No,Medium,No,Yes
943,55,Male,133,174,110,92,25.3,75,Yes,No,Low,No,Yes
944,78,Male,88,207,108,82,32.9,61,Yes,No,Medium,Yes,Yes
945,80,Male,69,237,137,64,23.6,89,Yes,Yes,Medium,No,No
946,34,Female,106,184,175,68,38.5,76,No,No,High,Yes,No
947,32,Male,138,224,116,72,26.9,72,Yes,No,Low,No,Yes
948,51,Male,106,187,98,94,21.0,71,No,Yes,Medium,Yes,No
949,28,Male,100,212,93,85,19.7,65,Yes,No,Medium,No,No
950,48,Female,118,194,111,80,34.6,82,Yes,Yes,Low,No,Yes
951,51,Male,99,212,114,78,25.9,55,Yes,Yes,Medium,No,No
952,78,Female,112,179,159,82,30.9,65,No,Yes,High,No,Yes
953,67,Female,114,225,117,86,30.3,73,No,Yes,Low,No,Yes
954,54,Female,57,192,155,74,28.8,69,No,No,Low,Yes,Yes
955,63,Female,74,121,120,83,23.8,75,No,No,Medium,No,No
956,30,Female,106,250,121,76,25.3,73,No,No,High,Yes,No
957,42,Female,140,184,126,85,28.9,66,Yes,No,High,Yes,Yes
958,19,Male,68,139,131,78,26.1,78,Yes,No,High,Yes,No
959,31,Female,80,208,102,95,25.9,62,No,Yes,Medium,No,No
960,42,Male,78,232,119,76,25.0,84,Yes,Yes,High,Yes,No
961,45,Male,117,170,99,83,26.1,72,Yes,Yes,Medium,Yes,No
962,41,Male,103,218,95,100,29.1,74,Yes,No,Medium,No,No
963,27,Female,84,222,101,86,29.5,72,No,No,Medium,No,No
964,38,Male,122,160,112,86,26.1,96,No,Yes,Medium,No,No
965,60,Male,119,205,159,64,25.3,76,No,No,Medium,Yes,Yes
966,26,Female,42,221,127,79,17.9,74,Yes,No,High,Yes,No
967,80,Male,98,230,113,84,41.5,73,Yes,No,High,Yes,Yes
968,31,Female,150,257,127,58,23.9,72,No,Yes,Low,Yes,Yes
969,27,Female,99,254,150,84,39.5,67,No,Yes,Low,No,Yes
970,18,Male,122,177,128,69,16.0,73,No,No,High,Yes,No
971,60,Female,111,165,146,76,26.2,59,Yes,No,Medium,No,Yes
972,69,Male,105,216,149,79,25.5,74,Yes,Yes,High,No,Yes
973,79,Male,125,217,117,62,20.5,90,No,No,Medium,No,No
974,25,Male,90,224,103,67,19.9,54,No,No,Medium,Yes,No
975,55,Male,91,327,107,72,29.6,70,Yes,Yes,High,No,Yes
976,42,Female,93,234,107,68,27.2,58,No,Yes,Medium,No,No
977,28,Female,92,197,113,94,16.0,88,Yes,Yes,Low,Yes,Yes
978,21,Male,60,187,114,75,24.3,69,No,No,High,Yes,No
979,57,Female,95,184,128,85,22.7,66,No,Yes,Medium,Yes,No
980,25,Female,80,145,131,73,32.4,79,Yes,No,Low,Yes,Yes
981,84,Female,139,236,97,67,16.0,92,Yes,Yes,Low,Yes,Yes
982,36,Female,84,119,118,79,22.3,83,Yes,No,Low,Yes,Yes
983,34,Male,66,228,143,66,19.0,86,Yes,Yes,Low,No,Yes
984,76,Male,132,207,79,80,26.2,86,Yes,Yes,Medium,Yes,Yes
985,46,Male,95,202,72,98,21.5,66,Yes,No,High,No,No
986,69,Female,102,260,132,79,28.5,67,Yes,Yes,Low,No,Yes
987,23,Male,58,235,105,94,30.0,77,No,Yes,Medium,Yes,No
988,36,Female,107,139,109,88,29.2,77,Yes,No,Medium,Yes,No
989,49,Male,115,171,110,83,31.9,52,Yes,Yes,Low,No,Yes
990,20,Female,116,259,96,94,34.4,98,Yes,Yes,Low,Yes,Yes
991,29,Female,124,210,97,86,19.4,84,No,No,Low,Yes,No
992,36,Female,134,143,98,83,23.0,76,No,No,Low,Yes,Yes
993,22,Male,125,231,140,80,22.4,82,No,Yes,Medium,No,No
994,71,Male,156,177,162,82,23.8,62,Yes,Yes,High,Yes,Yes
995,30,Female,108,244,147,85,32.8,70,Yes,No,Medium,Yes,Yes
996,24,Male,105,237,86,86,30.9,69,Yes,Yes,Medium,No,No
997,40,Male,120,219,133,72,34.3,92,Yes,Yes,Medium,No,No
998,44,Female,114,273,114,74,36.0,76,No,No,Low,No,Yes
999,31,Male,95,231,130,72,28.2,81,Yes,Yes,Medium,Yes,No
1000,83,Male,109,256,103,86,30.3,64,Yes,Yes,High,No,Yes
